{
  "IsEncrypted": false,
  "Values": {
    "AzureWebJobsStorage": "DefaultEndpointsProtocol=https;AccountName=dlsinteropdev001;AccountKey=iL1TzwD3FuVJ5QshU+maYlqOJlDGurzRrCqHa0hfi9lc3GCd6ez3Z6wKytKMoXQdsAnHZ7JcUIZRZUSPkyYf/w==;EndpointSuffix=core.windows.net",
    "FUNCTIONS_WORKER_RUNTIME": "dotnet",
    "TimerCfMemberApiCall": "0 */1 * * * *",
    "TimerQueueReads": "*/20 * * * * *",
    "MaxProcessCount": 3,
    "MaxRetryCount": 3,
    "ClientId": "MoGMefsobaKvCyU9lAAblx6Np5jBCXhQiAUqLYyDNAlxRvti",
    "ClientSecret": "QgqJf9CvkiInpdGeHwNImkUxsG2IaUoAqe4GggG0OQdeUypRf3euzWs0ebsMrIal",
    "UrlProcessMetadata": "https://azfn-processmetadataapp-dev.azurewebsites.net/api/ProcessMetadata",
    "UrlCfMemberRequestToken": "https://apix-sita.carefirst.com/v2/oauth/token",
    "UrlCfMemberRequestPut": "https://apix-sita.carefirst.com/v1/patientdatatransfer/datatransfer",
    "UrlCfMemberRequestGet": "https://apix-sita.carefirst.com/v1/patientdatatransfer/datatransfer?requestStatus=NotStarted&requestStatus=InProcess",
    "StorageConnectionString": "DefaultEndpointsProtocol=https;AccountName=dlsinteropdev001;AccountKey=iL1TzwD3FuVJ5QshU+maYlqOJlDGurzRrCqHa0hfi9lc3GCd6ez3Z6wKytKMoXQdsAnHZ7JcUIZRZUSPkyYf/w==;EndpointSuffix=core.windows.net",
    "MemberMatchStorageConnectionString": "DefaultEndpointsProtocol=https;AccountName=stmembermatchdev001;AccountKey=pT5Fh7kxy99Wvs3FVPHBRqhJeWO/qpsF3SfsBpQ0tGnQPYauFMU6mYtMVWO5164gSRYVzFoit7nOmbJB9VEcng==;EndpointSuffix=core.windows.net",
    "PatientEverythingStorageConnectionString": "DefaultEndpointsProtocol=https;AccountName=stpatienteverythngdev001;AccountKey=6r/7x35bE+sLBBoHgbxsPaLT0aQbCeyUvNpqD7ZPjHc2z3Lfu/8oaOAbYBSSmKN+qDQDGGehOArGY95Bwt4B3g==;EndpointSuffix=core.windows.net",
    "SecurityCheckStorageConnectionString": "DefaultEndpointsProtocol=https;AccountName=stsecuritychekdev001;AccountKey=Uzhbr2IMnjDqdVRu5L0dpEamaJQqB1DKlAjfg40AGGc6GXVZrF1fuI0eshdQ0nE6/38FDj3d7HccxYzDr82doQ==;EndpointSuffix=core.windows.net",
    "DocumentReferenceStorageConnectionString": "DefaultEndpointsProtocol=https;AccountName=stdocrefdev001;AccountKey=0lG8Ttbxn4fgyeZJwErSNWpYC/e76ENtejRpYJqj13yj0jPRDxtU+ZAFsTOo2dYD0HLFSAxJf7UuAAjr57zEJg==;EndpointSuffix=core.windows.net",
    "MemberResolutionRequestQueue": "member-queue-request",
    "PatientEverythingRequestQueue": "patienteverything-queue-request",
    "DocumentReferenceRequestQueue": "documentreference-queue-request",
    "SecurityCheckRequestQueue": "securitycheck-queue-request",
    "MemberResolutionResponseQueue": "member-queue-response",
    "PatientEverythingResponseQueue": "patienteverything-queue-response",
    "DocumentReferenceResponseQueue": "documentreference-queue-response",
    "SecurityCheckResponseQueue": "securitycheck-queue-response"
  },
  "Host": {
    "LocalHttpPort": 7073
  }
}