{
  "patientDataTransfer": {
    "trackingIdentifier": "1234560",
    "requestStatus": "In Process",
    "requestDatetime": "2022-03-10T04:55:13.309-04:00",
    "patient": {
      "memberLifeId": "MO29289UR",
      "userId": "MO29289UR",
      "emailId": "joe.dave@carefirst.com",
      "subjectId": "joe.dave@carefirst.com",
      "memberFirstName": "LUCIANO",
      "memberLastName": "DORCENT",
      "memberDob": "1950-06-03",
      "gender": "Female",
      "personalRepFirstName": "Mark",
      "personalRepLastName": "Henry",
      "userType": "Member",
      "lob": "CHPDC",
      "fhirId": "string"
    },
    "payer": {
      "payerName": "Keizer",
      "payerRegistrationId": "XXX"
    },
    "oldCoverage": {
      "enrolleeId": "2423434324",
      "enrolleeFirstName": "Joe",
      "enrolleeMiddleName": "Dave",
      "enrolleeLastName": "Joe",
      "coverageName": "MO29289UR",
      "group": "CF010000",
      "status": "cancelled"
    },
    "consent": [
      {
        "key": "key",
        "value": "value"
      }
    ],
    "additionalAttributes": {
      "retrycount": "2"
    },
    "insertedBy": "Sanjay",
    "updatedBy": "Haashni",
    "insertedTimestamp": "2019-06-10T04:55:13.309-04:00",
    "lastUpdatedTimestamp": "2019-06-10T04:55:13.309-04:00"
  }
}