{
  "resourceType": "Parameters",
  "parameter": [
    {
      "name": "MemberPatient",
      "resource": {
        "resourceType": "Patient",
        "identifier": [
          {
            "type": {
              "coding": [
                {
                  "system": "http://terminology.hl7.org/CodeSystem/v2-0203",
                  "code": "UMB"
                }
              ],
              "text": "Member Match"
            },
            "system": "https://carefirst.com/internal/CF_MEMBER_LIFE_ID",
            "value": "102268601"
          }
        ],
        "name": [
          {
            "family": "LUCIANO",
            "given": [
              "DORCENT"
            ]
          }
        ],
        "gender": "female"
      }
    }
  ]
}

