{
    "IsEncrypted": false,
  "Values": {
    "AzureWebJobsStorage": "DefaultEndpointsProtocol=https;AccountName=dlsinteropdev001;AccountKey=iL1TzwD3FuVJ5QshU+maYlqOJlDGurzRrCqHa0hfi9lc3GCd6ez3Z6wKytKMoXQdsAnHZ7JcUIZRZUSPkyYf/w==;EndpointSuffix=core.windows.net",
    "FUNCTIONS_WORKER_RUNTIME": "dotnet",
    "Timer": "*/30 * * * * *",
    "StorageConnectionString": "DefaultEndpointsProtocol=https;AccountName=stmembermatchdev001;AccountKey=pT5Fh7kxy99Wvs3FVPHBRqhJeWO/qpsF3SfsBpQ0tGnQPYauFMU6mYtMVWO5164gSRYVzFoit7nOmbJB9VEcng==;EndpointSuffix=core.windows.net",
    "RequestQueueName": "member-queue-request",
    "ResponseQueueName": "member-queue-response",
    "URLOAuth": "https://apix-uat.carefirst.com/v2/oauth/token",

    "ClientId": "s1vGYsx54oplAfqGx5BlLJHLr4WaO4i3xKi4GLG2NI5zms69",
    "ClientSecret": "Dp6lgeiZd4E0MZfwcyhRrd8AN6V2pALUiJhK6A31wEBx0T2SvSP33IzoyAJ5yqwk",
    "URLCFExternalPayer": "https://apix-uat.carefirst.com/v1/fhir/externalpayeraccess"
  }
}