{
  "resourceType": "Parameters",
  "id": "member-match-in",
  "parameter": [
    {
      "name": "MemberPatient",
      "resource": {
        "resourceType": "Patient",
        "name": [
          {
            "family": "LUCIANO",
            "given": [
              "DORCENT"
            ]
          }
        ],
        "gender": "female",
        "birthDate": "1992-12-09"
      }
    },
    {
      "name": "OldCoverage",
      "resource": {
        "resourceType": "Coverage",
        "class": [
          {
            "type": {
              "coding": [
                {
                  "code": "group"
                }
              ]
            },
            "value": "M00MA000"
          }
        ],
        "status": "lol",
        "beneficiary": {
          "reference": "Patient/e725"
        },
        "payor": [
          {
            "reference": "Organization/45-"
          }
        ]
      }
    }
  ]
}